Num_1,Num_2,Num_3,Num_4,Num_5,Num_6,refund
-2147483648,-2147483648,-2147483648,-2147483648,-2147483648,-2147483648,-2147483648
-2147483648,-2147483648,-2147483648,-2147483648,-2147483648,-2147483648,-2147483648
-2147483648,-2147483648,-2147483648,-2147483648,-2147483648,-2147483648,-2147483648
-2147483648,-2147483648,-2147483648,-2147483648,-2147483648,-2147483648,-2147483648
-2147483648,-2147483648,-2147483648,-2147483648,-2147483648,-2147483648,-2147483648
-2147483648,-2147483648,-2147483648,-2147483648,-2147483648,-2147483648,-2147483648
-2147483648,-2147483648,-2147483648,-2147483648,-2147483648,-2147483648,-2147483648
-2147483648,-2147483648,-2147483648,-2147483648,-2147483648,-2147483648,-2147483648
-2147483648,-2147483648,-2147483648,-2147483648,-2147483648,-2147483648,-2147483648
-2147483648,-2147483648,-2147483648,-2147483648,-2147483648,-2147483648,-2147483648
-2147483648,-2147483648,-2147483648,-2147483648,-2147483648,-2147483648,-2147483648
-2147483648,-2147483648,-2147483648,-2147483648,-2147483648,-2147483648,-2147483648
-2147483648,-2147483648,-2147483648,-2147483648,-2147483648,-2147483648,-2147483648
-2147483648,-2147483648,-2147483648,-2147483648,-2147483648,-2147483648,-2147483648
-2147483648,-2147483648,-2147483648,-2147483648,-2147483648,-2147483648,-2147483648
-2147483648,-2147483648,-2147483648,-2147483648,-2147483648,-2147483648,-2147483648
-2147483648,-2147483648,-2147483648,-2147483648,-2147483648,-2147483648,-2147483648
-2147483648,-2147483648,-2147483648,-2147483648,-2147483648,-2147483648,-2147483648
-2147483648,-2147483648,-2147483648,-2147483648,-2147483648,-2147483648,-2147483648
-2147483648,-2147483648,-2147483648,-2147483648,-2147483648,-2147483648,-2147483648
-2147483648,-2147483648,-2147483648,-2147483648,-2147483648,-2147483648,-2147483648
-2147483648,-2147483648,-2147483648,-2147483648,-2147483648,-2147483648,-2147483648
-2147483648,-2147483648,-2147483648,-2147483648,-2147483648,-2147483648,-2147483648
-2147483648,-2147483648,-2147483648,-2147483648,-2147483648,-2147483648,-2147483648
-2147483648,-2147483648,-2147483648,-2147483648,-2147483648,-2147483648,-2147483648
-2147483648,-2147483648,-2147483648,-2147483648,-2147483648,-2147483648,-2147483648
-2147483648,-2147483648,-2147483648,-2147483648,-2147483648,-2147483648,-2147483648
-2147483648,-2147483648,-2147483648,-2147483648,-2147483648,-2147483648,-2147483648
-2147483648,-2147483648,-2147483648,-2147483648,-2147483648,-2147483648,-2147483648
-2147483648,-2147483648,-2147483648,-2147483648,-2147483648,-2147483648,-2147483648
-2147483648,-2147483648,-2147483648,-2147483648,-2147483648,-2147483648,-2147483648
-2147483648,-2147483648,-2147483648,-2147483648,-2147483648,-2147483648,-2147483648
-2147483648,-2147483648,-2147483648,-2147483648,-2147483648,-2147483648,-2147483648
-2147483648,-2147483648,-2147483648,-2147483648,-2147483648,-2147483648,-2147483648
-2147483648,-2147483648,-2147483648,-2147483648,-2147483648,-2147483648,-2147483648
-2147483648,-2147483648,-2147483648,-2147483648,-2147483648,-2147483648,-2147483648
-2147483648,-2147483648,-2147483648,-2147483648,-2147483648,-2147483648,-2147483648
-2147483648,-2147483648,-2147483648,-2147483648,-2147483648,-2147483648,-2147483648
-2147483648,-2147483648,-2147483648,-2147483648,-2147483648,-2147483648,-2147483648
-2147483648,-2147483648,-2147483648,-2147483648,-2147483648,-2147483648,-2147483648
-2147483648,-2147483648,-2147483648,-2147483648,-2147483648,-2147483648,-2147483648
-2147483648,-2147483648,-2147483648,-2147483648,-2147483648,-2147483648,-2147483648
-2147483648,-2147483648,-2147483648,-2147483648,-2147483648,-2147483648,-2147483648
-2147483648,-2147483648,-2147483648,-2147483648,-2147483648,-2147483648,-2147483648
-2147483648,-2147483648,-2147483648,-2147483648,-2147483648,-2147483648,-2147483648
-2147483648,-2147483648,-2147483648,-2147483648,-2147483648,-2147483648,-2147483648
-2147483648,-2147483648,-2147483648,-2147483648,-2147483648,-2147483648,-2147483648
-2147483648,-2147483648,-2147483648,-2147483648,-2147483648,-2147483648,-2147483648
-2147483648,-2147483648,-2147483648,-2147483648,-2147483648,-2147483648,-2147483648
-2147483648,-2147483648,-2147483648,-2147483648,-2147483648,-2147483648,-2147483648
-2147483648,-2147483648,-2147483648,-2147483648,-2147483648,-2147483648,-2147483648
-2147483648,-2147483648,-2147483648,-2147483648,-2147483648,-2147483648,-2147483648
-2147483648,-2147483648,-2147483648,-2147483648,-2147483648,-2147483648,-2147483648
-2147483648,-2147483648,-2147483648,-2147483648,-2147483648,-2147483648,-2147483648
-2147483648,-2147483648,-2147483648,-2147483648,-2147483648,-2147483648,-2147483648
-2147483648,-2147483648,-2147483648,-2147483648,-2147483648,-2147483648,-2147483648
-2147483648,-2147483648,-2147483648,-2147483648,-2147483648,-2147483648,-2147483648
-2147483648,-2147483648,-2147483648,-2147483648,-2147483648,-2147483648,-2147483648
-2147483648,-2147483648,-2147483648,-2147483648,-2147483648,-2147483648,-2147483648
-2147483648,-2147483648,-2147483648,-2147483648,-2147483648,-2147483648,-2147483648
-2147483648,-2147483648,-2147483648,-2147483648,-2147483648,-2147483648,-2147483648
-2147483648,-2147483648,-2147483648,-2147483648,-2147483648,-2147483648,-2147483648
-2147483648,-2147483648,-2147483648,-2147483648,-2147483648,-2147483648,-2147483648
-2147483648,-2147483648,-2147483648,-2147483648,-2147483648,-2147483648,-2147483648
-2147483648,-2147483648,-2147483648,-2147483648,-2147483648,-2147483648,-2147483648
-2147483648,-2147483648,-2147483648,-2147483648,-2147483648,-2147483648,-2147483648
-2147483648,-2147483648,-2147483648,-2147483648,-2147483648,-2147483648,-2147483648
-2147483648,-2147483648,-2147483648,-2147483648,-2147483648,-2147483648,-2147483648
-2147483648,-2147483648,-2147483648,-2147483648,-2147483648,-2147483648,-2147483648
-2147483648,-2147483648,-2147483648,-2147483648,-2147483648,-2147483648,-2147483648
-2147483648,-2147483648,-2147483648,-2147483648,-2147483648,-2147483648,-2147483648
-2147483648,-2147483648,-2147483648,-2147483648,-2147483648,-2147483648,-2147483648
-2147483648,-2147483648,-2147483648,-2147483648,-2147483648,-2147483648,-2147483648
-2147483648,-2147483648,-2147483648,-2147483648,-2147483648,-2147483648,-2147483648
-2147483648,-2147483648,-2147483648,-2147483648,-2147483648,-2147483648,-2147483648
-2147483648,-2147483648,-2147483648,-2147483648,-2147483648,-2147483648,-2147483648
-2147483648,-2147483648,-2147483648,-2147483648,-2147483648,-2147483648,-2147483648
-2147483648,-2147483648,-2147483648,-2147483648,-2147483648,-2147483648,-2147483648
-2147483648,-2147483648,-2147483648,-2147483648,-2147483648,-2147483648,-2147483648
-2147483648,-2147483648,-2147483648,-2147483648,-2147483648,-2147483648,-2147483648
-2147483648,-2147483648,-2147483648,-2147483648,-2147483648,-2147483648,-2147483648
-2147483648,-2147483648,-2147483648,-2147483648,-2147483648,-2147483648,-2147483648
-2147483648,-2147483648,-2147483648,-2147483648,-2147483648,-2147483648,-2147483648
-2147483648,-2147483648,-2147483648,-2147483648,-2147483648,-2147483648,-2147483648
-2147483648,-2147483648,-2147483648,-2147483648,-2147483648,-2147483648,-2147483648
-2147483648,-2147483648,-2147483648,-2147483648,-2147483648,-2147483648,-2147483648
-2147483648,-2147483648,-2147483648,-2147483648,-2147483648,-2147483648,-2147483648
-2147483648,-2147483648,-2147483648,-2147483648,-2147483648,-2147483648,-2147483648
-2147483648,-2147483648,-2147483648,-2147483648,-2147483648,-2147483648,-2147483648
-2147483648,-2147483648,-2147483648,-2147483648,-2147483648,-2147483648,-2147483648
-2147483648,-2147483648,-2147483648,-2147483648,-2147483648,-2147483648,-2147483648
-2147483648,-2147483648,-2147483648,-2147483648,-2147483648,-2147483648,-2147483648
-2147483648,-2147483648,-2147483648,-2147483648,-2147483648,-2147483648,-2147483648
-2147483648,-2147483648,-2147483648,-2147483648,-2147483648,-2147483648,-2147483648
-2147483648,-2147483648,-2147483648,-2147483648,-2147483648,-2147483648,-2147483648
-2147483648,-2147483648,-2147483648,-2147483648,-2147483648,-2147483648,-2147483648
-2147483648,-2147483648,-2147483648,-2147483648,-2147483648,-2147483648,-2147483648
-2147483648,-2147483648,-2147483648,-2147483648,-2147483648,-2147483648,-2147483648
-2147483648,-2147483648,-2147483648,-2147483648,-2147483648,-2147483648,-2147483648
-2147483648,-2147483648,-2147483648,-2147483648,-2147483648,-2147483648,-2147483648
